{
  "entities": {
    "User": {
      "$schema": "http://json-schema.org/draft-07/schema#",
      "title": "User",
      "type": "object",
      "description": "Represents a user of the TrackYourWallet application.",
      "properties": {
        "id": {
          "type": "string",
          "description": "Unique identifier for the User entity."
        },
        "firstName": {
          "type": "string",
          "description": "The first name of the user."
        },
        "lastName": {
          "type": "string",
          "description": "The last name of the user."
        },
        "email": {
          "type": "string",
          "description": "The email address of the user.",
          "format": "email"
        },
        "phone": {
          "type": "string",
          "description": "The phone number of the user."
        },
        "companyId": {
          "type": "string",
          "description": "Reference to Company. (Relationship: Company 1:N User)"
        }
      },
      "required": [
        "id",
        "firstName",
        "lastName",
        "email",
        "companyId"
      ]
    },
    "Company": {
      "$schema": "http://json-schema.org/draft-07/schema#",
      "title": "Company",
      "type": "object",
      "description": "Represents a company using the TrackYourWallet application.",
      "properties": {
        "id": {
          "type": "string",
          "description": "Unique identifier for the Company entity."
        },
        "name": {
          "type": "string",
          "description": "The name of the company."
        },
        "address": {
          "type": "string",
          "description": "The physical address of the company."
        }
      },
      "required": [
        "id",
        "name"
      ]
    },
    "Expense": {
      "$schema": "http://json-schema.org/draft-07/schema#",
      "title": "Expense",
      "type": "object",
      "description": "Represents an expense record.",
      "properties": {
        "id": {
          "type": "string",
          "description": "Unique identifier for the Expense entity."
        },
        "userId": {
          "type": "string",
          "description": "Reference to User. (Relationship: User 1:N Expense)"
        },
        "amount": {
          "type": "number",
          "description": "The amount of the expense."
        },
        "date": {
          "type": "string",
          "description": "The date of the expense.",
          "format": "date-time"
        },
        "category": {
          "type": "string",
          "description": "The category of the expense."
        },
        "receiptImageURL": {
          "type": "string",
          "description": "URL of the scanned receipt image.",
          "format": "uri"
        },
        "description": {
          "type": "string",
          "description": "A short description of the expense."
        }
      },
      "required": [
        "id",
        "userId",
        "amount",
        "date",
        "category"
      ]
    },
    "Reimbursement": {
      "$schema": "http://json-schema.org/draft-07/schema#",
      "title": "Reimbursement",
      "type": "object",
      "description": "Represents a reimbursement request.",
      "properties": {
        "id": {
          "type": "string",
          "description": "Unique identifier for the Reimbursement entity."
        },
        "userId": {
          "type": "string",
          "description": "Reference to User. (Relationship: User 1:N Reimbursement)"
        },
        "expenseIds": {
          "type": "array",
          "description": "References to Expenses. (Relationship: Reimbursement 1:N Expense)",
          "items": {
            "type": "string"
          }
        },
        "status": {
          "type": "string",
          "description": "The status of the reimbursement (e.g., pending, approved, paid)."
        },
        "requestDate": {
          "type": "string",
          "description": "The date the reimbursement was requested.",
          "format": "date-time"
        },
        "approvedDate": {
          "type": "string",
          "description": "The date the reimbursement was approved.",
          "format": "date-time"
        },
        "approvedByUserId": {
          "type": "string",
          "description": "Reference to User who approved the reimbursement. (Relationship: User 1:N Reimbursement)"
        }
      },
      "required": [
        "id",
        "userId",
        "expenseIds",
        "status",
        "requestDate"
      ]
    },
    "Budget": {
      "$schema": "http://json-schema.org/draft-07/schema#",
      "title": "Budget",
      "type": "object",
      "description": "Represents a budget for a team, project, or cost center.",
      "properties": {
        "id": {
          "type": "string",
          "description": "Unique identifier for the Budget entity."
        },
        "companyId": {
          "type": "string",
          "description": "Reference to Company. (Relationship: Company 1:N Budget)"
        },
        "name": {
          "type": "string",
          "description": "The name of the budget."
        },
        "amount": {
          "type": "number",
          "description": "The total budget amount."
        },
        "startDate": {
          "type": "string",
          "description": "The start date of the budget period.",
          "format": "date-time"
        },
        "endDate": {
          "type": "string",
          "description": "The end date of the budget period.",
          "format": "date-time"
        }
      },
      "required": [
        "id",
        "companyId",
        "name",
        "amount",
        "startDate",
        "endDate"
      ]
    },
    "Card": {
      "$schema": "http://json-schema.org/draft-07/schema#",
      "title": "Card",
      "type": "object",
      "description": "Represents a corporate card.",
      "properties": {
        "id": {
          "type": "string",
          "description": "Unique identifier for the Card entity."
        },
        "companyId": {
          "type": "string",
          "description": "Reference to Company. (Relationship: Company 1:N Card)"
        },
        "cardNumber": {
          "type": "string",
          "description": "The card number (masked for security)."
        },
        "expiryDate": {
          "type": "string",
          "description": "The card expiry date.",
          "format": "date-time"
        },
        "spendingLimit": {
          "type": "number",
          "description": "The spending limit for the card."
        },
        "userId": {
          "type": "string",
          "description": "Reference to the user assigned to this card. (Relationship: User 1:N Card)"
        }
      },
      "required": [
        "id",
        "companyId",
        "cardNumber",
        "expiryDate",
        "spendingLimit"
      ]
    },
    "Integration": {
      "$schema": "http://json-schema.org/draft-07/schema#",
      "title": "Integration",
      "type": "object",
      "description": "Represents an integration with another service (e.g., accounting software).",
      "properties": {
        "id": {
          "type": "string",
          "description": "Unique identifier for the Integration entity."
        },
        "companyId": {
          "type": "string",
          "description": "Reference to Company. (Relationship: Company 1:N Integration)"
        },
        "serviceName": {
          "type": "string",
          "description": "The name of the integrated service."
        },
        "configuration": {
          "type": "string",
          "description": "Configuration details for the integration (e.g., API keys, OAuth tokens).  This would likely be encrypted."
        }
      },
      "required": [
        "id",
        "companyId",
        "serviceName"
      ]
    }
  },
  "auth": {
    "providers": [
      "password",
      "anonymous"
    ]
  },
  "firestore": {
    "structure": [
      {
        "path": "/users/{userId}",
        "definition": {
          "entityName": "User",
          "schema": {
            "$ref": "#/backend/entities/User"
          },
          "description": "Stores user profiles. Authorization is based on matching {userId} with request.auth.uid.",
          "params": [
            {
              "name": "userId",
              "description": "The unique identifier of the user."
            }
          ]
        }
      },
      {
        "path": "/companies/{companyId}",
        "definition": {
          "entityName": "Company",
          "schema": {
            "$ref": "#/backend/entities/Company"
          },
          "description": "Stores company profiles. Access to company data is generally controlled by virtue of the companyId within User documents.",
          "params": [
            {
              "name": "companyId",
              "description": "The unique identifier of the company."
            }
          ]
        }
      },
      {
        "path": "/users/{userId}/expenses/{expenseId}",
        "definition": {
          "entityName": "Expense",
          "schema": {
            "$ref": "#/backend/entities/Expense"
          },
          "description": "Stores expense records for each user. Authorization is based on path-based ownership: only the user with the matching {userId} can access these expenses.",
          "params": [
            {
              "name": "userId",
              "description": "The unique identifier of the user."
            },
            {
              "name": "expenseId",
              "description": "The unique identifier of the expense record."
            }
          ]
        }
      },
      {
        "path": "/users/{userId}/reimbursements/{reimbursementId}",
        "definition": {
          "entityName": "Reimbursement",
          "schema": {
            "$ref": "#/backend/entities/Reimbursement"
          },
          "description": "Stores reimbursement requests for each user. Authorization is based on path-based ownership: only the user with the matching {userId} can access these reimbursements.",
          "params": [
            {
              "name": "userId",
              "description": "The unique identifier of the user."
            },
            {
              "name": "reimbursementId",
              "description": "The unique identifier of the reimbursement request."
            }
          ]
        }
      },
      {
        "path": "/companies/{companyId}/budgets/{budgetId}",
        "definition": {
          "entityName": "Budget",
          "schema": {
            "$ref": "#/backend/entities/Budget"
          },
          "description": "Stores budget information for each company. Authorization is generally derived from the `companyId` found within user profiles (membership).",
          "params": [
            {
              "name": "companyId",
              "description": "The unique identifier of the company."
            },
            {
              "name": "budgetId",
              "description": "The unique identifier of the budget."
            }
          ]
        }
      },
      {
        "path": "/companies/{companyId}/cards/{cardId}",
        "definition": {
          "entityName": "Card",
          "schema": {
            "$ref": "#/backend/entities/Card"
          },
          "description": "Stores corporate card information for each company. Authorization is generally derived from the `companyId` found within user profiles (membership).",
          "params": [
            {
              "name": "companyId",
              "description": "The unique identifier of the company."
            },
            {
              "name": "cardId",
              "description": "The unique identifier of the card."
            }
          ]
        }
      },
      {
        "path": "/companies/{companyId}/integrations/{integrationId}",
        "definition": {
          "entityName": "Integration",
          "schema": {
            "$ref": "#/backend/entities/Integration"
          },
          "description": "Stores integration configurations for each company. Authorization is generally derived from the `companyId` found within user profiles (membership).",
          "params": [
            {
              "name": "companyId",
              "description": "The unique identifier of the company."
            },
            {
              "name": "integrationId",
              "description": "The unique identifier of the integration."
            }
          ]
        }
      },
      {
        "path": "/roles_admin/{userId}",
        "definition": {
          "entityName": "roles_admin",
          "schema": {
            "$ref": "#/backend/entities/User"
          },
          "description": "Collection used to store admin roles. The existence of a document under a user ID in this collection grants admin privileges.",
          "params": [
            {
              "name": "userId",
              "description": "The unique identifier of the user."
            }
          ]
        }
      }
    ],
    "reasoning": "The Firestore data structure is designed to support the TrackYourWallet application, emphasizing security, scalability, and maintainability. The core principle is Authorization Independence, achieved through denormalization to avoid using `get()` calls in security rules. This approach ensures atomic operations and simplifies debugging. Structural Segregation is applied by keeping data with similar access needs in separate collections.\n\n**Authorization Independence and QAPs:**\n\n*   **Users Collection (`/users/{userId}`):** User data is stored in path-based collections. Security rules can easily validate `request.auth.uid` against the `{userId}` path segment, ensuring only authenticated users can access their own data.\n*   **Companies Collection (`/companies/{companyId}`):** Company data is stored in a top-level collection. Access is controlled based on the `companyId` present in other entities (Users, Budgets, Cards, Integrations).\n*   **Expenses Collection (`/users/{userId}/expenses/{expenseId}`):** Expenses are stored as subcollections under the respective user, ensuring path-based ownership. This provides authorization independence, as expense access depends solely on the user ID in the path and not on parent document data.\n*   **Reimbursements Collection (`/users/{userId}/reimbursements/{reimbursementId}`):** Reimbursements are structured as subcollections under users. This aligns with the user-centric model and simplifies access control. Expense IDs are embedded within the reimbursement document, and not as subcollections, so a maximum of 10 IDs should be allowed to maintain reasonable document sizes.\n*   **Budgets Collection (`/companies/{companyId}/budgets/{budgetId}`):** Budgets are kept as subcollections of Companies. This allows easier budget management for each company, and access can be granted to all users associated to the company. (Note that Company membership is stored within the User document itself. It could also be duplicated into each Budget document for strict authorization independence.)\n*   **Cards Collection (`/companies/{companyId}/cards/{cardId}`):** Storing cards under the company allows to track all cards associated to a company, and manage access according to company level roles, if needed.\n*   **Integrations Collection (`/companies/{companyId}/integrations/{integrationId}`):** Integrations are stored at the company level, so that all company integrations are stored in the same collection.\n*   **Roles Collection (`/roles_admin/{uid}`):** A dedicated collection is used for global admin roles, implementing DBAC via existence checks.\n\nThis design supports QAPs by:\n\n1.  **Private Data:** Using path-based ownership for user-specific data like expenses and reimbursements.\n2.  **Collaborative Data:** Company-level data (Budgets, Cards, Integrations) can incorporate a `members` map within those documents (or in the Company document) if collaborative access is needed, but the current design assumes access is determined by virtue of being associated with the Company.\n3.  **Global Roles (DBAC):** Leveraging the `/roles_admin/{uid}` collection for administrative privileges without relying on custom claims."
  }
}