{
  "placeholderImages": [
    {
      "id": "dashboard-mockup",
      "description": "A mockup of the TrackYourWallet dashboard",
      "imageUrl": "https://images.unsplash.com/photo-1759536430218-7053ccf40fe9?crop=entropy&cs=tinysrgb&fit=max&fm=jpg&ixid=M3w3NDE5ODJ8MHwxfHNlYXJjaHwxMHx8ZGFzaGJvYXJkJTIwY2hhcnR8ZW58MHx8fHwxNzY0MTM4NTg3fDA&ixlib=rb-4.1.0&q=80&w=1080",
      "imageHint": "dashboard chart"
    },
    {
      "id": "receipt-scanner-mockup",
      "description": "A mockup of the receipt scanner on a mobile phone",
      "imageUrl": "https://images.unsplash.com/photo-1480694313141-fce5e697ee25?crop=entropy&cs=tinysrgb&fit=max&fm=jpg&ixid=M3w3NDE5ODJ8MHwxfHNlYXJjaHw2fHxtb2JpbGUlMjBhcHB8ZW58MHx8fHwxNzY0MTg1NzMzfDA&ixlib=rb-4.1.0&q=80&w=1080",
      "imageHint": "mobile app"
    },
    {
      "id": "expense-report-mockup",
      "description": "A mockup of an expense report table",
      "imageUrl": "https://images.unsplash.com/photo-1714427834153-473059d2fd88?crop=entropy&cs=tinysrgb&fit=max&fm=jpg&ixid=M3w3NDE5ODJ8MHwxfHNlYXJjaHwyfHxzcHJlYWRzaGVldCUyMGludGVyZmFjZXxlbnwwfHx8fDE3NjQxODcwMzd8MA&ixlib=rb-4.1.0&q=80&w=1080",
      "imageHint": "spreadsheet interface"
    },
    {
      "id": "travel-summary-mockup",
      "description": "A mockup of a travel trip summary",
      "imageUrl": "https://images.unsplash.com/photo-1636677223796-9f1668c154de?crop=entropy&cs=tinysrgb&fit=max&fm=jpg&ixid=M3w3NDE5ODJ8MHwxfHNlYXJjaHwyfHxkYXNoYm9hcmQlMjB0cmlwfGVufDB8fHx8MTc2NDE4NzAzN3ww&ixlib=rb-4.1.0&q=80&w=1080",
      "imageHint": "dashboard trip"
    },
    {
      "id": "cards-mockup",
      "description": "A mockup of corporate card management interface",
      "imageUrl": "https://images.unsplash.com/photo-1531190260877-c8d11eb5afaf?crop=entropy&cs=tinysrgb&fit=max&fm=jpg&ixid=M3w3NDE5ODJ8MHwxfHNlYXJjaHw5fHxjcmVkaXQlMjBjYXJkc3xlbnwwfHx8fDE3NjQxODcwMzd8MA&ixlib=rb-4.1.0&q=80&w=1080",
      "imageHint": "credit cards"
    },
    {
      "id": "bill-pay-mockup",
      "description": "A mockup of the bill payment and invoicing screen",
      "imageUrl": "https://images.unsplash.com/photo-1692158961562-cb06d93fb63c?crop=entropy&cs=tinysrgb&fit=max&fm=jpg&ixid=M3w3NDE5ODJ8MHwxfHNlYXJjaHw0fHxpbnZvaWNlJTIwZm9ybXxlbnwwfHx8fDE3NjQxODEzOTR8MA&ixlib=rb-4.1.0&q=80&w=1080",
      "imageHint": "invoice form"
    },
    {
      "id": "budget-reporting-mockup",
      "description": "A mockup of the budgeting and analytics dashboard",
      "imageUrl": "https://images.unsplash.com/photo-1748609160056-7b95f30041f0?crop=entropy&cs=tinysrgb&fit=max&fm=jpg&ixid=M3w3NDE5ODJ8MHwxfHNlYXJjaHw3fHxhbmFseXRpY3MlMjBkYXNoYm9hcmR8ZW58MHx8fHwxNzY0MTYwODA2fDA&ixlib=rb-4.1.0&q=80&w=1080",
      "imageHint": "analytics dashboard"
    },
    {
      "id": "integrations-mockup",
      "description": "A visual representation of various app integrations",
      "imageUrl": "https://images.unsplash.com/photo-1742197062898-353bd035dc27?crop=entropy&cs=tinysrgb&fit=max&fm=jpg&ixid=M3w3NDE5ODJ8MHwxfHNlYXJjaHw2fHxhcHAlMjBsb2dvc3xlbnwwfHx8fDE3NjQxODcwMzh8MA&ixlib=rb-4.1.0&q=80&w=1080",
      "imageHint": "app logos"
    },
    {
      "id": "receipt-demo-coffee",
      "description": "A sample coffee receipt for the demo",
      "imageUrl": "https://images.unsplash.com/photo-1726661025464-818c9abd6da9?crop=entropy&cs=tinysrgb&fit=max&fm=jpg&ixid=M3w3NDE5ODJ8MHwxfHNlYXJjaHw2fHxjb2ZmZWUlMjByZWNlaXB0fGVufDB8fHx8MTc2NDE4NzAzN3ww&ixlib=rb-4.1.0&q=80&w=1080",
      "imageHint": "coffee receipt"
    },
    {
      "id": "receipt-demo-taxi",
      "description": "A sample taxi receipt for the demo",
      "imageUrl": "https://images.unsplash.com/photo-1678044459929-a9368f4b5090?crop=entropy&cs=tinysrgb&fit=max&fm=jpg&ixid=M3w3NDE5ODJ8MHwxfHNlYXJjaHw3fHx0YXhpJTIwcmVjZWlwdHxlbnwwfHx8fDE3NjQxODcwMzh8MA&ixlib=rb-4.1.0&q=80&w=1080",
      "imageHint": "taxi receipt"
    },
    {
      "id": "receipt-demo-hotel",
      "description": "A sample hotel bill for the demo",
      "imageUrl": "https://images.unsplash.com/photo-1719671618855-543a329c3257?crop=entropy&cs=tinysrgb&fit=max&fm=jpg&ixid=M3w3NDE5ODJ8MHwxfHNlYXJjaHw5fHxob3RlbCUyMGJpbGx8ZW58MHx8fHwxNzY0MTg3MDM4fDA&ixlib=rb-4.1.0&q=80&w=1080",
      "imageHint": "hotel bill"
    },
    {
      "id": "testimonial-avatar-1",
      "description": "Avatar for the first testimonial",
      "imageUrl": "https://images.unsplash.com/photo-1500648767791-00dcc994a43e?crop=entropy&cs=tinysrgb&fit=max&fm=jpg&ixid=M3w3NDE5ODJ8MHwxfHNlYXJjaHwxfHxwZXJzb24lMjBwb3J0cmFpdHxlbnwwfHx8fDE3NjQxNDg4ODd8MA&ixlib=rb-4.1.0&q=80&w=1080",
      "imageHint": "person portrait"
    },
    {
      "id": "testimonial-avatar-2",
      "description": "Avatar for the second testimonial",
      "imageUrl": "https://images.unsplash.com/photo-1592621385612-4d7129426394?crop=entropy&cs=tinysrgb&fit=max&fm=jpg&ixid=M3w3NDE5ODJ8MHwxfHNlYXJjaHw0fHx3b21hbiUyMHNtaWxpbmd8ZW58MHx8fHwxNzY0MTEzOTYzfDA&ixlib=rb-4.1.0&q=80&w=1080",
      "imageHint": "woman smiling"
    },
    {
      "id": "testimonial-avatar-3",
      "description": "Avatar for the third testimonial",
      "imageUrl": "https://images.unsplash.com/photo-1583195763986-0231686dcd43?crop=entropy&cs=tinysrgb&fit=max&fm=jpg&ixid=M3w3NDE5ODJ8MHwxfHNlYXJjaHw5fHxtYW4lMjBwb3J0cmFpdHxlbnwwfHx8fDE3NjQxNDEzMzd8MA&ixlib=rb-4.1.0&q=80&w=1080",
      "imageHint": "man portrait"
    },
    {
      "id": "blog-post-1",
      "description": "Image for the first blog post",
      "imageUrl": "https://images.unsplash.com/photo-1513530534585-c7b1394c6d51?crop=entropy&cs=tinysrgb&fit=max&fm=jpg&ixid=M3w3NDE5ODJ8MHwxfHNlYXJjaHwxfHxvZmZpY2UlMjBkZXNrfGVufDB8fHx8MTc2NDE4Mjg2NXww&ixlib=rb-4.1.0&q=80&w=1080",
      "imageHint": "office desk"
    },
    {
      "id": "blog-post-2",
      "description": "Image for the second blog post",
      "imageUrl": "https://images.unsplash.com/photo-1568992688065-536aad8a12f6?crop=entropy&cs=tinysrgb&fit=max&fm=jpg&ixid=M3w3NDE5ODJ8MHwxfHNlYXJjaHw1fHx0ZWFtJTIwbWVldGluZ3xlbnwwfHx8fDE3NjQwOTc2Mzh8MA&ixlib=rb-4.1.0&q=80&w=1080",
      "imageHint": "team meeting"
    },
    {
      "id": "blog-post-3",
      "description": "Image for the third blog post",
      "imageUrl": "https://images.unsplash.com/photo-1723785735443-16ffd373f398?crop=entropy&cs=tinysrgb&fit=max&fm=jpg&ixid=M3w3NDE5ODJ8MHwxfHNlYXJjaHw1fHxmaW5hbmNpYWwlMjBjaGFydHxlbnwwfHx8fDE3NjQxMjYyMjV8MA&ixlib=rb-4.1.0&q=80&w=1080",
      "imageHint": "financial chart"
    },
    {
      "id": "team-member-1",
      "description": "Avatar for the first team member",
      "imageUrl": "https://images.unsplash.com/photo-1573496359142-b8d87734a5a2?crop=entropy&cs=tinysrgb&fit=max&fm=jpg&ixid=M3w3NDE5ODJ8MHwxfHNlYXJjaHwzfHxwcm9mZXNzaW9uYWwlMjBoZWFkc2hvdHxlbnwwfHx8fDE3NjQxMjM5MzJ8MA&ixlib=rb-4.1.0&q=80&w=1080",
      "imageHint": "professional headshot"
    },
    {
      "id": "team-member-2",
      "description": "Avatar for the second team member",
      "imageUrl": "https://images.unsplash.com/photo-1623605931891-d5b95ee98459?crop=entropy&cs=tinysrgb&fit=max&fm=jpg&ixid=M3w3NDE5ODJ8MHwxfHNlYXJjaHw5fHxwZXJzb24lMjBzbWlsaW5nfGVufDB8fHx8MTc2NDEyMzc4M3ww&ixlib=rb-4.1.0&q=80&w=1080",
      "imageHint": "person smiling"
    },
    {
      "id": "team-member-3",
      "description": "Avatar for the third team member",
      "imageUrl": "https://images.unsplash.com/photo-1610655507808-a59293f4e332?crop=entropy&cs=tinysrgb&fit=max&fm=jpg&ixid=M3w3NDE5ODJ8MHwxfHNlYXJjaHw0fHx3b21hbiUyMHBvcnRyYWl0fGVufDB8fHx8MTc2NDE3NDExN3ww&ixlib=rb-4.1.0&q=80&w=1080",
      "imageHint": "woman portrait"
    },
    {
      "id": "team-member-4",
      "description": "Avatar for the fourth team member",
      "imageUrl": "https://images.unsplash.com/photo-1619678309629-23bb8fa744cc?crop=entropy&cs=tinysrgb&fit=max&fm=jpg&ixid=M3w3NDE5ODJ8MHwxfHNlYXJjaHw5fHxtYW4lMjBwcm9mZXNzaW9uYWx8ZW58MHx8fHwxNzY0MTIzMjE1fDA&ixlib=rb-4.1.0&q=80&w=1080",
      "imageHint": "man professional"
    }
  ]
}